Workbook

Sheet 新配裝表
B1: 下拉 | C1: 攻速 | D1: 致命 | E1: 閃避 | F1: 體力 | G1: 防禦 | H1: 減傷 | I1: 靈長 | J1: BOSS | K1: 惡魔 | L1: 不死 | M1: 動物 | N1: 致命傷 | O1: 攻擊 | P1: 吸血 | Q1: 附加傷害 | R1: 废词 | S1: 渾沌屬性 | Y1: 極限 | Z1: 裝備 | AA1: 符文 | AB1: 渾沌
A2: 頭 | B2: 頭1攻速12 致命 閃避16 體力 防禦 減傷 靈長45 BOSS 惡魔 不死 動物 致命傷 攻擊29 吸血 | C2: =VLOOKUP(B2,頭!B3:P10,2,FALSE) -> 12 | D2: =VLOOKUP(B2,頭!B3:P10,3,FALSE) -> 0 | E2: =VLOOKUP(B2,頭!B3:P10,4,FALSE) -> 16 | F2: =VLOOKUP(B2,頭!B3:P10,5,FALSE) -> 0 | G2: =VLOOKUP(B2,頭!B3:P10,6,FALSE) -> 0 | H2: =VLOOKUP(B2,頭!B3:P10,7,FALSE) -> 0 | I2: =VLOOKUP(B2,頭!B3:P10,8,FALSE) -> 45 | J2: =VLOOKUP(B2,頭!B3:P10,9,FALSE) -> 0 | K2: =VLOOKUP(B2,頭!B3:P10,10,FALSE) -> 0 | L2: =VLOOKUP(B2,頭!B3:P10,11,FALSE) -> 0 | M2: =VLOOKUP(B2,頭!B3:P10,12,FALSE) -> 0 | N2: =VLOOKUP(B2,頭!B3:P10,13,FALSE) -> 0 | O2: =VLOOKUP(B2,頭!B3:P10,14,FALSE) -> 29 | P2: =VLOOKUP(B2,頭!B3:P10,15,FALSE) -> 0 | R2: =VLOOKUP(B2,頭!B3:Q9,16,FALSE) -> 0 | S2: 體力 | T2: 29 | U2: BOSS | W2: 26 | Y2: 攻速 | Z2: 14 | AA2: 6
A3: 身 | B3: 身1攻速 致命 閃避8 體力 防禦 減傷 靈長40 BOSS 惡魔 不死 動物 致命傷40 攻擊26 吸血 | C3: =VLOOKUP(B3,身!B3:P10,2,FALSE) -> 0 | D3: =VLOOKUP(B3,身!B3:P10,3,FALSE) -> 0 | E3: =VLOOKUP(B3,身!B3:P10,4,FALSE) -> 8 | F3: =VLOOKUP(B3,身!B3:P10,5,FALSE) -> 0 | G3: =VLOOKUP(B3,身!B3:P10,6,FALSE) -> 0 | H3: =VLOOKUP(B3,身!B3:P10,7,FALSE) -> 0 | I3: =VLOOKUP(B3,身!B3:P10,8,FALSE) -> 40 | J3: =VLOOKUP(B3,身!B3:P10,9,FALSE) -> 0 | K3: =VLOOKUP(B3,身!B3:P10,10,FALSE) -> 0 | L3: =VLOOKUP(B3,身!B3:P10,11,FALSE) -> 0 | M3: =VLOOKUP(B3,身!B3:P10,12,FALSE) -> 0 | N3: =VLOOKUP(B3,身!B3:P10,13,FALSE) -> 40 | O3: =VLOOKUP(B3,身!B3:P10,14,FALSE) -> 26 | P3: =VLOOKUP(B3,身!B3:P10,15,FALSE) -> 0 | R3: =VLOOKUP(B3,身!B3:Q10,16,FALSE) -> 0 | S3: 攻擊 | T3: 29 | U3: 減傷 | W3: 29 | X3: 21 | Y3: 致命 | Z3: 14 | AA3: 6
A4: 手 | B4: 手1攻速10 致命16 閃避 體力 防禦 減傷 靈長45 BOSS 惡魔 不死 動物 致命傷45 攻擊 吸血 | C4: =VLOOKUP(B4,手!B3:P10,2,FALSE) -> 10 | D4: =VLOOKUP(B4,手!B3:P10,3,FALSE) -> 16 | E4: =VLOOKUP(B4,手!B3:P10,4,FALSE) -> 0 | F4: =VLOOKUP(B4,手!B3:P10,5,FALSE) -> 0 | G4: =VLOOKUP(B4,手!B3:P10,6,FALSE) -> 0 | H4: =VLOOKUP(B4,手!B3:P10,7,FALSE) -> 0 | I4: =VLOOKUP(B4,手!B3:P10,8,FALSE) -> 45 | J4: =VLOOKUP(B4,手!B3:P10,9,FALSE) -> 0 | K4: =VLOOKUP(B4,手!B3:P10,10,FALSE) -> 0 | L4: =VLOOKUP(B4,手!B3:P10,11,FALSE) -> 0 | M4: =VLOOKUP(B4,手!B3:P10,12,FALSE) -> 0 | N4: =VLOOKUP(B4,手!B3:P10,13,FALSE) -> 45 | O4: =VLOOKUP(B4,手!B3:P10,14,FALSE) -> 0 | P4: =VLOOKUP(B4,手!B3:P10,15,FALSE) -> 0 | R4: =VLOOKUP(B4,手!B3:Q10,16,FALSE) -> 0 | S4: 攻擊 | T4: 29 | U4: 減傷 | W4: 29 | X4: 21 | Y4: 閃避 | Z4: 14 | AA4: 6
A5: 腳 | B5: 腳1攻速14 致命 閃避 體力 防禦 減傷 靈長45 BOSS 惡魔 不死 動物 致命傷45 攻擊29 吸血 | C5: =VLOOKUP(B5,腳!B3:P10,2,FALSE) -> 14 | D5: =VLOOKUP(B5,腳!B3:P10,3,FALSE) -> 0 | E5: =VLOOKUP(B5,腳!B3:P10,4,FALSE) -> 0 | F5: =VLOOKUP(B5,腳!B3:P10,5,FALSE) -> 0 | G5: =VLOOKUP(B5,腳!B3:P10,6,FALSE) -> 0 | H5: =VLOOKUP(B5,腳!B3:P10,7,FALSE) -> 0 | I5: =VLOOKUP(B5,腳!B3:P10,8,FALSE) -> 45 | J5: =VLOOKUP(B5,腳!B3:P10,9,FALSE) -> 0 | K5: =VLOOKUP(B5,腳!B3:P10,10,FALSE) -> 0 | L5: =VLOOKUP(B5,腳!B3:P10,11,FALSE) -> 0 | M5: =VLOOKUP(B5,腳!B3:P10,12,FALSE) -> 0 | N5: =VLOOKUP(B5,腳!B3:P10,13,FALSE) -> 45 | O5: =VLOOKUP(B5,腳!B3:P10,14,FALSE) -> 29 | P5: =VLOOKUP(B5,腳!B3:P10,15,FALSE) -> 0 | R5: =VLOOKUP(B5,腳!B3:Q10,16,FALSE) -> 0 | S5: 攻擊 | T5: 29 | U5: 減傷 | W5: 29 | X5: 21 | Y5: 體力 | Z5: 26 | AA5: 24 | AB5: 26
A6: 腰 | B6: 腰1攻速13 致命11 閃避 體力 防禦 減傷 靈長40 BOSS 惡魔 不死 動物 致命傷 攻擊15 吸血 | C6: =VLOOKUP(B6,腰!B3:P10,2,FALSE) -> 13 | D6: =VLOOKUP(B6,腰!B3:P10,3,FALSE) -> 11 | E6: =VLOOKUP(B6,腰!B3:P10,4,FALSE) -> 0 | F6: =VLOOKUP(B6,腰!B3:P10,5,FALSE) -> 0 | G6: =VLOOKUP(B6,腰!B3:P10,6,FALSE) -> 0 | H6: =VLOOKUP(B6,腰!B3:P10,7,FALSE) -> 0 | I6: =VLOOKUP(B6,腰!B3:P10,8,FALSE) -> 40 | J6: =VLOOKUP(B6,腰!B3:P10,9,FALSE) -> 0 | K6: =VLOOKUP(B6,腰!B3:P10,10,FALSE) -> 0 | L6: =VLOOKUP(B6,腰!B3:P10,11,FALSE) -> 0 | M6: =VLOOKUP(B6,腰!B3:P10,12,FALSE) -> 0 | N6: =VLOOKUP(B6,腰!B3:P10,13,FALSE) -> 0 | O6: =VLOOKUP(B6,腰!B3:P10,14,FALSE) -> 15 | P6: =VLOOKUP(B6,腰!B3:P10,15,FALSE) -> 0 | R6: =VLOOKUP(B6,腰!B3:Q11,16,FALSE) -> 0 | S6: 體力 | U6: BOSS | W6: 26 | X6: 40 | Y6: 防禦 | Z6: 26 | AA6: 24
A7: 項鍊 | B7: 項鍊1攻速 致命14 閃避 體力 防禦 減傷 靈長40 BOSS 惡魔 不死 動物 致命傷40 攻擊26 吸血 | C7: =VLOOKUP(B7,項鍊!B3:P10,2,FALSE) -> 0 | D7: =VLOOKUP(B7,項鍊!B3:P10,3,FALSE) -> 14 | E7: =VLOOKUP(B7,項鍊!B3:P10,4,FALSE) -> 0 | F7: =VLOOKUP(B7,項鍊!B3:P10,5,FALSE) -> 0 | G7: =VLOOKUP(B7,項鍊!B3:P10,6,FALSE) -> 0 | H7: =VLOOKUP(B7,項鍊!B3:P10,7,FALSE) -> 0 | I7: =VLOOKUP(B7,項鍊!B3:P10,8,FALSE) -> 40 | J7: =VLOOKUP(B7,項鍊!B3:P10,9,FALSE) -> 0 | K7: =VLOOKUP(B7,項鍊!B3:P10,10,FALSE) -> 0 | L7: =VLOOKUP(B7,項鍊!B3:P10,11,FALSE) -> 0 | M7: =VLOOKUP(B7,項鍊!B3:P10,12,FALSE) -> 0 | N7: =VLOOKUP(B7,項鍊!B3:P10,13,FALSE) -> 40 | O7: =VLOOKUP(B7,項鍊!B3:P10,14,FALSE) -> 26 | P7: =VLOOKUP(B7,項鍊!B3:P10,15,FALSE) -> 0 | R7: =VLOOKUP(B7,項鍊!B3:Q12,16,FALSE) -> 0 | S7: 致命傷 | T7: 40 | U7: 閃避 | W7: 40 | X7: 14 | Y7: 減傷 | Z7: 19 | AA7: 12
A8: 戒指 | B8: 戒指1攻速 致命 閃避 體力 防禦 減傷 靈長40 BOSS 惡魔 不死 動物 致命傷40 攻擊26 吸血10 | C8: =VLOOKUP(B8,戒指!B3:P10,2,FALSE) -> 0 | D8: =VLOOKUP(B8,戒指!B3:P10,3,FALSE) -> 0 | E8: =VLOOKUP(B8,戒指!B3:P10,4,FALSE) -> 0 | F8: =VLOOKUP(B8,戒指!B3:P10,5,FALSE) -> 0 | G8: =VLOOKUP(B8,戒指!B3:P10,6,FALSE) -> 0 | H8: =VLOOKUP(B8,戒指!B3:P10,7,FALSE) -> 0 | I8: =VLOOKUP(B8,戒指!B3:P10,8,FALSE) -> 40 | J8: =VLOOKUP(B8,戒指!B3:P10,9,FALSE) -> 0 | K8: =VLOOKUP(B8,戒指!B3:P10,10,FALSE) -> 0 | L8: =VLOOKUP(B8,戒指!B3:P10,11,FALSE) -> 0 | M8: =VLOOKUP(B8,戒指!B3:P10,12,FALSE) -> 0 | N8: =VLOOKUP(B8,戒指!B3:P10,13,FALSE) -> 40 | O8: =VLOOKUP(B8,戒指!B3:P10,14,FALSE) -> 26 | P8: =VLOOKUP(B8,戒指!B3:P10,15,FALSE) -> 10 | R8: =VLOOKUP(B8,戒指!B3:Q13,16,FALSE) -> 0 | S8: 致命傷 | T8: 40 | U8: 閃避 | W8: 40 | X8: 14 | Y8: 靈長 | Z8: 40 | AA8: 28 | AB8: 40
A9: 符文 | D9: 6 | E9: 6 | F9: 23 | G9: 23 | I9: 28 | N9: 27 | O9: 23 | Q9: 12 | S9: 武器 | Y9: BOSS | Z9: 40 | AA9: 28 | AB9: 40
A10: 武器 | B10: 大恶魔 | E10: 11 | I10: 40 | N10: 40
A11: 總計屬性 | S11: 致命傷 | T11: 80 | U11: 體力 | W11: 80 | X11: 52 | Y11: 惡魔 | Z11: 40 | AA11: 28
C12: 攻速 | D12: 致命 | E12: 閃避 | F12: 體力 | G12: 防禦 | H12: 減傷 | I12: 靈長 | J12: BOSS | K12: 惡魔 | L12: 不死 | M12: 動物 | N12: 致命傷 | O12: 攻擊 | P12: 吸血 | Q12: 附加傷害 | R12: 废词 | Y12: 不死 | Z12: 40 | AA12: 28
C13: =SUM(C2:C9)% -> 0.49 | D13: =SUM(D2:D9) -> 47 | E13: =SUM(E2:E10,V7:V8) -> 41 | F13: =SUM(F2:F9,T2,T6,V11) -> 52 | G13: =SUM(G2:G9) -> 23 | H13: =SUM(H2:H9,V3:V5) -> 0 | I13: =SUM(I2:I10,X2) -> 363 | J13: =SUM(J2:J9,V2,V6) -> 0 | K13: =SUM(K2:K9) -> 0 | L13: =SUM(L2:L9) -> 0 | M13: =SUM(M2:M9) -> 0 | N13: =SUM(N2:N9,T7:T8,T11) -> 397 | O13: =SUM(O2:O10,T3:T5) -> 261 | P13: =SUM(P2:P10) -> 10 | R13: =SUM(R2:R8) -> 0 | S13: 雙傷(最高種族+致命傷) | Y13: 動物 | Z13: 40 | AA13: 28
B14: 極限值 | C14: 45~46 | D14: 35 | E14: 40 | H14: 100 | S14: =SUM(N13,MAX(I13:M13)) -> 760 | Y14: 致命傷 | Z14: 40 | AA14: 28 | AB14: 40
A15: 請先輸入你所擁有的裝備(每部位只提供10件輸入)，最後下拉選單配裝 | Y15: 攻擊 | Z15: 26 | AA15: 24 | AB15: 26
Y16: 吸血 | Z16: 19 | AA16: 12

Sheet 手
B2: 部位 | C2: 攻速 | D2: 致命 | E2: 閃避 | F2: 體力 | G2: 防禦 | H2: 減傷 | I2: 靈長 | J2: BOSS | K2: 惡魔 | L2: 不死 | M2: 動物 | N2: 致命傷 | O2: 攻擊 | P2: 吸血 | Q2: 废词
A3: 1 | B3: ="手"&A3&C2&C3&" "&D2&D3&" "&E2&E3&" "&F2&F3&" "&G2&G3&" "&H2&H3&" "&I2&I3&" "&J2&J3&" "&K2&K3&" "&L2&L3&" "&M2&M3&" "&N2&N3&" "&O2&O3&" "&P2&P3 -> 手1攻速10 致命16 閃避 體力 防禦 減傷 靈長45 BOSS 惡魔 不死 動物 致命傷45 攻擊 吸血 | C3: 10 | D3: 16 | I3: 45 | N3: 45
A4: 2 | B4: ="手"&A4&C2&C4&" "&D2&D4&" "&E2&E4&" "&F2&F4&" "&G2&G4&" "&H2&H4&" "&I2&I4&" "&J2&J4&" "&K2&K4&" "&L2&L4&" "&M2&M4&" "&N2&N4&" "&O2&O4&" "&P2&P4 -> 手2攻速 致命 閃避 體力 防禦 減傷 靈長 BOSS 惡魔 不死 動物 致命傷 攻擊 吸血
A5: 3 | B5: ="手"&A5&C2&C5&" "&D2&D5&" "&E2&E5&" "&F2&F5&" "&G2&G5&" "&H2&H5&" "&I2&I5&" "&J2&J5&" "&K2&K5&" "&L2&L5&" "&M2&M5&" "&N2&N5&" "&O2&O5&" "&P2&P5 -> 手3攻速 致命 閃避 體力 防禦 減傷 靈長 BOSS 惡魔 不死 動物 致命傷 攻擊 吸血
A6: 4 | B6: ="手"&A6&C2&C6&" "&D2&D6&" "&E2&E6&" "&F2&F6&" "&G2&G6&" "&H2&H6&" "&I2&I6&" "&J2&J6&" "&K2&K6&" "&L2&L6&" "&M2&M6&" "&N2&N6&" "&O2&O6&" "&P2&P6 -> 手4攻速 致命 閃避 體力 防禦 減傷 靈長 BOSS 惡魔 不死 動物 致命傷 攻擊 吸血
A7: 5 | B7: ="手"&A7&C2&C7&" "&D2&D7&" "&E2&E7&" "&F2&F7&" "&G2&G7&" "&H2&H7&" "&I2&I7&" "&J2&J7&" "&K2&K7&" "&L2&L7&" "&M2&M7&" "&N2&N7&" "&O2&O7&" "&P2&P7 -> 手5攻速 致命 閃避 體力 防禦 減傷 靈長 BOSS 惡魔 不死 動物 致命傷 攻擊 吸血
A8: 6 | B8: ="手"&A8&C2&C8&" "&D2&D8&" "&E2&E8&" "&F2&F8&" "&G2&G8&" "&H2&H8&" "&I2&I8&" "&J2&J8&" "&K2&K8&" "&L2&L8&" "&M2&M8&" "&N2&N8&" "&O2&O8&" "&P2&P8 -> 手6攻速 致命 閃避 體力 防禦 減傷 靈長 BOSS 惡魔 不死 動物 致命傷 攻擊 吸血
A9: 7 | B9: ="手"&A9&C2&C9&" "&D2&D9&" "&E2&E9&" "&F2&F9&" "&G2&G9&" "&H2&H9&" "&I2&I9&" "&J2&J9&" "&K2&K9&" "&L2&L9&" "&M2&M9&" "&N2&N9&" "&O2&O9&" "&P2&P9 -> 手7攻速 致命 閃避 體力 防禦 減傷 靈長 BOSS 惡魔 不死 動物 致命傷 攻擊 吸血
A10: 8 | B10: ="手"&A10&C2&C10&" "&D2&D10&" "&E2&E10&" "&F2&F10&" "&G2&G10&" "&H2&H10&" "&I2&I10&" "&J2&J10&" "&K2&K10&" "&L2&L10&" "&M2&M10&" "&N2&N10&" "&O2&O10&" "&P2&P10 -> 手8攻速 致命 閃避 體力 防禦 減傷 靈長 BOSS 惡魔 不死 動物 致命傷 攻擊 吸血
A11: 9 | B11: ="手"&A11&C2&C11&" "&D2&D11&" "&E2&E11&" "&F2&F11&" "&G2&G11&" "&H2&H11&" "&I2&I11&" "&J2&J11&" "&K2&K11&" "&L2&L11&" "&M2&M11&" "&N2&N11&" "&O2&O11&" "&P2&P11 -> 手9攻速 致命 閃避 體力 防禦 減傷 靈長 BOSS 惡魔 不死 動物 致命傷 攻擊 吸血
A12: 10 | B12: ="手"&A12&C2&C12&" "&D2&D12&" "&E2&E12&" "&F2&F12&" "&G2&G12&" "&H2&H12&" "&I2&I12&" "&J2&J12&" "&K2&K12&" "&L2&L12&" "&M2&M12&" "&N2&N12&" "&O2&O12&" "&P2&P12 -> 手10攻速 致命 閃避 體力 防禦 減傷 靈長 BOSS 惡魔 不死 動物 致命傷 攻擊 吸血

Sheet 身
B2: 部位 | C2: 攻速 | D2: 致命 | E2: 閃避 | F2: 體力 | G2: 防禦 | H2: 減傷 | I2: 靈長 | J2: BOSS | K2: 惡魔 | L2: 不死 | M2: 動物 | N2: 致命傷 | O2: 攻擊 | P2: 吸血 | Q2: 废词
A3: 1 | B3: ="身"&A3&C2&C3&" "&D2&D3&" "&E2&E3&" "&F2&F3&" "&G2&G3&" "&H2&H3&" "&I2&I3&" "&J2&J3&" "&K2&K3&" "&L2&L3&" "&M2&M3&" "&N2&N3&" "&O2&O3&" "&P2&P3 -> 身1攻速 致命 閃避8 體力 防禦 減傷 靈長40 BOSS 惡魔 不死 動物 致命傷40 攻擊26 吸血 | E3: 8 | I3: 40 | N3: 40 | O3: 26
A4: 2 | B4: ="身"&A4&C2&C4&" "&D2&D4&" "&E2&E4&" "&F2&F4&" "&G2&G4&" "&H2&H4&" "&I2&I4&" "&J2&J4&" "&K2&K4&" "&L2&L4&" "&M2&M4&" "&N2&N4&" "&O2&O4&" "&P2&P4 -> 身2攻速 致命 閃避 體力 防禦 減傷 靈長 BOSS 惡魔 不死 動物 致命傷 攻擊 吸血
A5: 3 | B5: ="身"&A5&C2&C5&" "&D2&D5&" "&E2&E5&" "&F2&F5&" "&G2&G5&" "&H2&H5&" "&I2&I5&" "&J2&J5&" "&K2&K5&" "&L2&L5&" "&M2&M5&" "&N2&N5&" "&O2&O5&" "&P2&P5 -> 身3攻速 致命 閃避 體力 防禦 減傷 靈長 BOSS 惡魔 不死 動物 致命傷 攻擊 吸血
A6: 4 | B6: ="身"&A6&C2&C6&" "&D2&D6&" "&E2&E6&" "&F2&F6&" "&G2&G6&" "&H2&H6&" "&I2&I6&" "&J2&J6&" "&K2&K6&" "&L2&L6&" "&M2&M6&" "&N2&N6&" "&O2&O6&" "&P2&P6 -> 身4攻速 致命 閃避 體力 防禦 減傷 靈長 BOSS 惡魔 不死 動物 致命傷 攻擊 吸血
A7: 5 | B7: ="身"&A7&C2&C7&" "&D2&D7&" "&E2&E7&" "&F2&F7&" "&G2&G7&" "&H2&H7&" "&I2&I7&" "&J2&J7&" "&K2&K7&" "&L2&L7&" "&M2&M7&" "&N2&N7&" "&O2&O7&" "&P2&P7 -> 身5攻速 致命 閃避 體力 防禦 減傷 靈長 BOSS 惡魔 不死 動物 致命傷 攻擊 吸血
A8: 6 | B8: ="身"&A8&C2&C8&" "&D2&D8&" "&E2&E8&" "&F2&F8&" "&G2&G8&" "&H2&H8&" "&I2&I8&" "&J2&J8&" "&K2&K8&" "&L2&L8&" "&M2&M8&" "&N2&N8&" "&O2&O8&" "&P2&P8 -> 身6攻速 致命 閃避 體力 防禦 減傷 靈長 BOSS 惡魔 不死 動物 致命傷 攻擊 吸血
A9: 7 | B9: ="身"&A9&C2&C9&" "&D2&D9&" "&E2&E9&" "&F2&F9&" "&G2&G9&" "&H2&H9&" "&I2&I9&" "&J2&J9&" "&K2&K9&" "&L2&L9&" "&M2&M9&" "&N2&N9&" "&O2&O9&" "&P2&P9 -> 身7攻速 致命 閃避 體力 防禦 減傷 靈長 BOSS 惡魔 不死 動物 致命傷 攻擊 吸血
A10: 8 | B10: ="身"&A10&C2&C10&" "&D2&D10&" "&E2&E10&" "&F2&F10&" "&G2&G10&" "&H2&H10&" "&I2&I10&" "&J2&J10&" "&K2&K10&" "&L2&L10&" "&M2&M10&" "&N2&N10&" "&O2&O10&" "&P2&P10 -> 身8攻速 致命 閃避 體力 防禦 減傷 靈長 BOSS 惡魔 不死 動物 致命傷 攻擊 吸血
A11: 9 | B11: ="身"&A11&C2&C11&" "&D2&D11&" "&E2&E11&" "&F2&F11&" "&G2&G11&" "&H2&H11&" "&I2&I11&" "&J2&J11&" "&K2&K11&" "&L2&L11&" "&M2&M11&" "&N2&N11&" "&O2&O11&" "&P2&P11 -> 身9攻速 致命 閃避 體力 防禦 減傷 靈長 BOSS 惡魔 不死 動物 致命傷 攻擊 吸血
A12: 10 | B12: ="身"&A12&C2&C12&" "&D2&D12&" "&E2&E12&" "&F2&F12&" "&G2&G12&" "&H2&H12&" "&I2&I12&" "&J2&J12&" "&K2&K12&" "&L2&L12&" "&M2&M12&" "&N2&N12&" "&O2&O12&" "&P2&P12 -> 身10攻速 致命 閃避 體力 防禦 減傷 靈長 BOSS 惡魔 不死 動物 致命傷 攻擊 吸血

Sheet 腳
B2: 部位 | C2: 攻速 | D2: 致命 | E2: 閃避 | F2: 體力 | G2: 防禦 | H2: 減傷 | I2: 靈長 | J2: BOSS | K2: 惡魔 | L2: 不死 | M2: 動物 | N2: 致命傷 | O2: 攻擊 | P2: 吸血 | Q2: 废词
A3: 1 | B3: ="腳"&A3&C2&C3&" "&D2&D3&" "&E2&E3&" "&F2&F3&" "&G2&G3&" "&H2&H3&" "&I2&I3&" "&J2&J3&" "&K2&K3&" "&L2&L3&" "&M2&M3&" "&N2&N3&" "&O2&O3&" "&P2&P3 -> 腳1攻速14 致命 閃避 體力 防禦 減傷 靈長45 BOSS 惡魔 不死 動物 致命傷45 攻擊29 吸血 | C3: 14 | I3: 45 | N3: 45 | O3: 29
A4: 2 | B4: ="腳"&A4&C2&C4&" "&D2&D4&" "&E2&E4&" "&F2&F4&" "&G2&G4&" "&H2&H4&" "&I2&I4&" "&J2&J4&" "&K2&K4&" "&L2&L4&" "&M2&M4&" "&N2&N4&" "&O2&O4&" "&P2&P4 -> 腳2攻速 致命 閃避 體力 防禦 減傷 靈長 BOSS 惡魔 不死 動物 致命傷 攻擊 吸血
A5: 3 | B5: ="腳"&A5&C2&C5&" "&D2&D5&" "&E2&E5&" "&F2&F5&" "&G2&G5&" "&H2&H5&" "&I2&I5&" "&J2&J5&" "&K2&K5&" "&L2&L5&" "&M2&M5&" "&N2&N5&" "&O2&O5&" "&P2&P5 -> 腳3攻速 致命 閃避 體力 防禦 減傷 靈長 BOSS 惡魔 不死 動物 致命傷 攻擊 吸血
A6: 4 | B6: ="腳"&A6&C2&C6&" "&D2&D6&" "&E2&E6&" "&F2&F6&" "&G2&G6&" "&H2&H6&" "&I2&I6&" "&J2&J6&" "&K2&K6&" "&L2&L6&" "&M2&M6&" "&N2&N6&" "&O2&O6&" "&P2&P6 -> 腳4攻速 致命 閃避 體力 防禦 減傷 靈長 BOSS 惡魔 不死 動物 致命傷 攻擊 吸血
A7: 5 | B7: ="腳"&A7&C2&C7&" "&D2&D7&" "&E2&E7&" "&F2&F7&" "&G2&G7&" "&H2&H7&" "&I2&I7&" "&J2&J7&" "&K2&K7&" "&L2&L7&" "&M2&M7&" "&N2&N7&" "&O2&O7&" "&P2&P7 -> 腳5攻速 致命 閃避 體力 防禦 減傷 靈長 BOSS 惡魔 不死 動物 致命傷 攻擊 吸血
A8: 6 | B8: ="腳"&A8&C2&C8&" "&D2&D8&" "&E2&E8&" "&F2&F8&" "&G2&G8&" "&H2&H8&" "&I2&I8&" "&J2&J8&" "&K2&K8&" "&L2&L8&" "&M2&M8&" "&N2&N8&" "&O2&O8&" "&P2&P8 -> 腳6攻速 致命 閃避 體力 防禦 減傷 靈長 BOSS 惡魔 不死 動物 致命傷 攻擊 吸血
A9: 7 | B9: ="腳"&A9&C2&C9&" "&D2&D9&" "&E2&E9&" "&F2&F9&" "&G2&G9&" "&H2&H9&" "&I2&I9&" "&J2&J9&" "&K2&K9&" "&L2&L9&" "&M2&M9&" "&N2&N9&" "&O2&O9&" "&P2&P9 -> 腳7攻速 致命 閃避 體力 防禦 減傷 靈長 BOSS 惡魔 不死 動物 致命傷 攻擊 吸血
A10: 8 | B10: ="腳"&A10&C2&C10&" "&D2&D10&" "&E2&E10&" "&F2&F10&" "&G2&G10&" "&H2&H10&" "&I2&I10&" "&J2&J10&" "&K2&K10&" "&L2&L10&" "&M2&M10&" "&N2&N10&" "&O2&O10&" "&P2&P10 -> 腳8攻速 致命 閃避 體力 防禦 減傷 靈長 BOSS 惡魔 不死 動物 致命傷 攻擊 吸血
A11: 9 | B11: ="腳"&A11&C2&C11&" "&D2&D11&" "&E2&E11&" "&F2&F11&" "&G2&G11&" "&H2&H11&" "&I2&I11&" "&J2&J11&" "&K2&K11&" "&L2&L11&" "&M2&M11&" "&N2&N11&" "&O2&O11&" "&P2&P11 -> 腳9攻速 致命 閃避 體力 防禦 減傷 靈長 BOSS 惡魔 不死 動物 致命傷 攻擊 吸血
A12: 10 | B12: ="腳"&A12&C2&C12&" "&D2&D12&" "&E2&E12&" "&F2&F12&" "&G2&G12&" "&H2&H12&" "&I2&I12&" "&J2&J12&" "&K2&K12&" "&L2&L12&" "&M2&M12&" "&N2&N12&" "&O2&O12&" "&P2&P12 -> 腳10攻速 致命 閃避 體力 防禦 減傷 靈長 BOSS 惡魔 不死 動物 致命傷 攻擊 吸血

Sheet 腰
B2: 部位 | C2: 攻速 | D2: 致命 | E2: 閃避 | F2: 體力 | G2: 防禦 | H2: 減傷 | I2: 靈長 | J2: BOSS | K2: 惡魔 | L2: 不死 | M2: 動物 | N2: 致命傷 | O2: 攻擊 | P2: 吸血 | Q2: 废词
A3: 1 | B3: ="腰"&A3&C2&C3&" "&D2&D3&" "&E2&E3&" "&F2&F3&" "&G2&G3&" "&H2&H3&" "&I2&I3&" "&J2&J3&" "&K2&K3&" "&L2&L3&" "&M2&M3&" "&N2&N3&" "&O2&O3&" "&P2&P3 -> 腰1攻速13 致命11 閃避 體力 防禦 減傷 靈長40 BOSS 惡魔 不死 動物 致命傷 攻擊15 吸血 | C3: 13 | D3: 11 | I3: 40 | O3: 15
A4: 2 | B4: ="腰"&A4&C2&C4&" "&D2&D4&" "&E2&E4&" "&F2&F4&" "&G2&G4&" "&H2&H4&" "&I2&I4&" "&J2&J4&" "&K2&K4&" "&L2&L4&" "&M2&M4&" "&N2&N4&" "&O2&O4&" "&P2&P4 -> 腰2攻速 致命 閃避 體力 防禦 減傷 靈長 BOSS 惡魔 不死 動物 致命傷 攻擊 吸血
A5: 3 | B5: ="腰"&A5&C2&C5&" "&D2&D5&" "&E2&E5&" "&F2&F5&" "&G2&G5&" "&H2&H5&" "&I2&I5&" "&J2&J5&" "&K2&K5&" "&L2&L5&" "&M2&M5&" "&N2&N5&" "&O2&O5&" "&P2&P5 -> 腰3攻速 致命 閃避 體力 防禦 減傷 靈長 BOSS 惡魔 不死 動物 致命傷 攻擊 吸血
A6: 4 | B6: ="腰"&A6&C2&C6&" "&D2&D6&" "&E2&E6&" "&F2&F6&" "&G2&G6&" "&H2&H6&" "&I2&I6&" "&J2&J6&" "&K2&K6&" "&L2&L6&" "&M2&M6&" "&N2&N6&" "&O2&O6&" "&P2&P6 -> 腰4攻速 致命 閃避 體力 防禦 減傷 靈長 BOSS 惡魔 不死 動物 致命傷 攻擊 吸血
A7: 5 | B7: ="腰"&A7&C2&C7&" "&D2&D7&" "&E2&E7&" "&F2&F7&" "&G2&G7&" "&H2&H7&" "&I2&I7&" "&J2&J7&" "&K2&K7&" "&L2&L7&" "&M2&M7&" "&N2&N7&" "&O2&O7&" "&P2&P7 -> 腰5攻速 致命 閃避 體力 防禦 減傷 靈長 BOSS 惡魔 不死 動物 致命傷 攻擊 吸血
A8: 6 | B8: ="腰"&A8&C2&C8&" "&D2&D8&" "&E2&E8&" "&F2&F8&" "&G2&G8&" "&H2&H8&" "&I2&I8&" "&J2&J8&" "&K2&K8&" "&L2&L8&" "&M2&M8&" "&N2&N8&" "&O2&O8&" "&P2&P8 -> 腰6攻速 致命 閃避 體力 防禦 減傷 靈長 BOSS 惡魔 不死 動物 致命傷 攻擊 吸血
A9: 7 | B9: ="腰"&A9&C2&C9&" "&D2&D9&" "&E2&E9&" "&F2&F9&" "&G2&G9&" "&H2&H9&" "&I2&I9&" "&J2&J9&" "&K2&K9&" "&L2&L9&" "&M2&M9&" "&N2&N9&" "&O2&O9&" "&P2&P9 -> 腰7攻速 致命 閃避 體力 防禦 減傷 靈長 BOSS 惡魔 不死 動物 致命傷 攻擊 吸血
A10: 8 | B10: ="腰"&A10&C2&C10&" "&D2&D10&" "&E2&E10&" "&F2&F10&" "&G2&G10&" "&H2&H10&" "&I2&I10&" "&J2&J10&" "&K2&K10&" "&L2&L10&" "&M2&M10&" "&N2&N10&" "&O2&O10&" "&P2&P10 -> 腰8攻速 致命 閃避 體力 防禦 減傷 靈長 BOSS 惡魔 不死 動物 致命傷 攻擊 吸血
A11: 9 | B11: ="腰"&A11&C2&C11&" "&D2&D11&" "&E2&E11&" "&F2&F11&" "&G2&G11&" "&H2&H11&" "&I2&I11&" "&J2&J11&" "&K2&K11&" "&L2&L11&" "&M2&M11&" "&N2&N11&" "&O2&O11&" "&P2&P11 -> 腰9攻速 致命 閃避 體力 防禦 減傷 靈長 BOSS 惡魔 不死 動物 致命傷 攻擊 吸血
A12: 10 | B12: ="腰"&A12&C2&C12&" "&D2&D12&" "&E2&E12&" "&F2&F12&" "&G2&G12&" "&H2&H12&" "&I2&I12&" "&J2&J12&" "&K2&K12&" "&L2&L12&" "&M2&M12&" "&N2&N12&" "&O2&O12&" "&P2&P12 -> 腰10攻速 致命 閃避 體力 防禦 減傷 靈長 BOSS 惡魔 不死 動物 致命傷 攻擊 吸血

Sheet 頭
B2: 部位 | C2: 攻速 | D2: 致命 | E2: 閃避 | F2: 體力 | G2: 防禦 | H2: 減傷 | I2: 靈長 | J2: BOSS | K2: 惡魔 | L2: 不死 | M2: 動物 | N2: 致命傷 | O2: 攻擊 | P2: 吸血 | Q2: 废词
A3: 1 | B3: ="頭"&A3&C2&C3&" "&D2&D3&" "&E2&E3&" "&F2&F3&" "&G2&G3&" "&H2&H3&" "&I2&I3&" "&J2&J3&" "&K2&K3&" "&L2&L3&" "&M2&M3&" "&N2&N3&" "&O2&O3&" "&P2&P3 -> 頭1攻速12 致命 閃避16 體力 防禦 減傷 靈長45 BOSS 惡魔 不死 動物 致命傷 攻擊29 吸血 | C3: 12 | E3: 16 | I3: 45 | O3: 29
A4: 2 | B4: ="頭"&A4&C2&C4&" "&D2&D4&" "&E2&E4&" "&F2&F4&" "&G2&G4&" "&H2&H4&" "&I2&I4&" "&J2&J4&" "&K2&K4&" "&L2&L4&" "&M2&M4&" "&N2&N4&" "&O2&O4&" "&P2&P4 -> 頭2攻速 致命 閃避 體力 防禦 減傷 靈長 BOSS 惡魔 不死 動物 致命傷 攻擊 吸血
A5: 3 | B5: ="頭"&A5&C2&C5&" "&D2&D5&" "&E2&E5&" "&F2&F5&" "&G2&G5&" "&H2&H5&" "&I2&I5&" "&J2&J5&" "&K2&K5&" "&L2&L5&" "&M2&M5&" "&N2&N5&" "&O2&O5&" "&P2&P5 -> 頭3攻速 致命 閃避 體力 防禦 減傷 靈長 BOSS 惡魔 不死 動物 致命傷 攻擊 吸血
A6: 4 | B6: ="頭"&A6&C2&C6&" "&D2&D6&" "&E2&E6&" "&F2&F6&" "&G2&G6&" "&H2&H6&" "&I2&I6&" "&J2&J6&" "&K2&K6&" "&L2&L6&" "&M2&M6&" "&N2&N6&" "&O2&O6&" "&P2&P6 -> 頭4攻速 致命 閃避 體力 防禦 減傷 靈長 BOSS 惡魔 不死 動物 致命傷 攻擊 吸血
A7: 5 | B7: ="頭"&A7&C2&C7&" "&D2&D7&" "&E2&E7&" "&F2&F7&" "&G2&G7&" "&H2&H7&" "&I2&I7&" "&J2&J7&" "&K2&K7&" "&L2&L7&" "&M2&M7&" "&N2&N7&" "&O2&O7&" "&P2&P7 -> 頭5攻速 致命 閃避 體力 防禦 減傷 靈長 BOSS 惡魔 不死 動物 致命傷 攻擊 吸血
A8: 6 | B8: ="頭"&A8&C2&C8&" "&D2&D8&" "&E2&E8&" "&F2&F8&" "&G2&G8&" "&H2&H8&" "&I2&I8&" "&J2&J8&" "&K2&K8&" "&L2&L8&" "&M2&M8&" "&N2&N8&" "&O2&O8&" "&P2&P8 -> 頭6攻速 致命 閃避 體力 防禦 減傷 靈長 BOSS 惡魔 不死 動物 致命傷 攻擊 吸血
A9: 7 | B9: ="頭"&A9&C2&C9&" "&D2&D9&" "&E2&E9&" "&F2&F9&" "&G2&G9&" "&H2&H9&" "&I2&I9&" "&J2&J9&" "&K2&K9&" "&L2&L9&" "&M2&M9&" "&N2&N9&" "&O2&O9&" "&P2&P9 -> 頭7攻速 致命 閃避 體力 防禦 減傷 靈長 BOSS 惡魔 不死 動物 致命傷 攻擊 吸血
A10: 8 | B10: ="頭"&A10&C2&C10&" "&D2&D10&" "&E2&E10&" "&F2&F10&" "&G2&G10&" "&H2&H10&" "&I2&I10&" "&J2&J10&" "&K2&K10&" "&L2&L10&" "&M2&M10&" "&N2&N10&" "&O2&O10&" "&P2&P10 -> 頭8攻速 致命 閃避 體力 防禦 減傷 靈長 BOSS 惡魔 不死 動物 致命傷 攻擊 吸血
A11: 9 | B11: ="頭"&A11&C2&C11&" "&D2&D11&" "&E2&E11&" "&F2&F11&" "&G2&G11&" "&H2&H11&" "&I2&I11&" "&J2&J11&" "&K2&K11&" "&L2&L11&" "&M2&M11&" "&N2&N11&" "&O2&O11&" "&P2&P11 -> 頭9攻速 致命 閃避 體力 防禦 減傷 靈長 BOSS 惡魔 不死 動物 致命傷 攻擊 吸血
A12: 10 | B12: ="頭"&A12&C2&C12&" "&D2&D12&" "&E2&E12&" "&F2&F12&" "&G2&G12&" "&H2&H12&" "&I2&I12&" "&J2&J12&" "&K2&K12&" "&L2&L12&" "&M2&M12&" "&N2&N12&" "&O2&O12&" "&P2&P12 -> 頭10攻速 致命 閃避 體力 防禦 減傷 靈長 BOSS 惡魔 不死 動物 致命傷 攻擊 吸血

Sheet 項鍊
B2: 部位 | C2: 攻速 | D2: 致命 | E2: 閃避 | F2: 體力 | G2: 防禦 | H2: 減傷 | I2: 靈長 | J2: BOSS | K2: 惡魔 | L2: 不死 | M2: 動物 | N2: 致命傷 | O2: 攻擊 | P2: 吸血 | Q2: 废词
A3: 1 | B3: ="項鍊"&A3&C2&C3&" "&D2&D3&" "&E2&E3&" "&F2&F3&" "&G2&G3&" "&H2&H3&" "&I2&I3&" "&J2&J3&" "&K2&K3&" "&L2&L3&" "&M2&M3&" "&N2&N3&" "&O2&O3&" "&P2&P3 -> 項鍊1攻速 致命14 閃避 體力 防禦 減傷 靈長40 BOSS 惡魔 不死 動物 致命傷40 攻擊26 吸血 | D3: 14 | I3: 40 | N3: 40 | O3: 26
A4: 2 | B4: ="項鍊"&A4&C2&C4&" "&D2&D4&" "&E2&E4&" "&F2&F4&" "&G2&G4&" "&H2&H4&" "&I2&I4&" "&J2&J4&" "&K2&K4&" "&L2&L4&" "&M2&M4&" "&N2&N4&" "&O2&O4&" "&P2&P4 -> 項鍊2攻速 致命 閃避 體力 防禦 減傷 靈長 BOSS 惡魔 不死 動物 致命傷 攻擊 吸血
A5: 3 | B5: ="項鍊"&A5&C2&C5&" "&D2&D5&" "&E2&E5&" "&F2&F5&" "&G2&G5&" "&H2&H5&" "&I2&I5&" "&J2&J5&" "&K2&K5&" "&L2&L5&" "&M2&M5&" "&N2&N5&" "&O2&O5&" "&P2&P5 -> 項鍊3攻速 致命 閃避 體力 防禦 減傷 靈長 BOSS 惡魔 不死 動物 致命傷 攻擊 吸血
A6: 4 | B6: ="項鍊"&A6&C2&C6&" "&D2&D6&" "&E2&E6&" "&F2&F6&" "&G2&G6&" "&H2&H6&" "&I2&I6&" "&J2&J6&" "&K2&K6&" "&L2&L6&" "&M2&M6&" "&N2&N6&" "&O2&O6&" "&P2&P6 -> 項鍊4攻速 致命 閃避 體力 防禦 減傷 靈長 BOSS 惡魔 不死 動物 致命傷 攻擊 吸血
A7: 5 | B7: ="項鍊"&A7&C2&C7&" "&D2&D7&" "&E2&E7&" "&F2&F7&" "&G2&G7&" "&H2&H7&" "&I2&I7&" "&J2&J7&" "&K2&K7&" "&L2&L7&" "&M2&M7&" "&N2&N7&" "&O2&O7&" "&P2&P7 -> 項鍊5攻速 致命 閃避 體力 防禦 減傷 靈長 BOSS 惡魔 不死 動物 致命傷 攻擊 吸血
A8: 6 | B8: ="項鍊"&A8&C2&C8&" "&D2&D8&" "&E2&E8&" "&F2&F8&" "&G2&G8&" "&H2&H8&" "&I2&I8&" "&J2&J8&" "&K2&K8&" "&L2&L8&" "&M2&M8&" "&N2&N8&" "&O2&O8&" "&P2&P8 -> 項鍊6攻速 致命 閃避 體力 防禦 減傷 靈長 BOSS 惡魔 不死 動物 致命傷 攻擊 吸血
A9: 7 | B9: ="項鍊"&A9&C2&C9&" "&D2&D9&" "&E2&E9&" "&F2&F9&" "&G2&G9&" "&H2&H9&" "&I2&I9&" "&J2&J9&" "&K2&K9&" "&L2&L9&" "&M2&M9&" "&N2&N9&" "&O2&O9&" "&P2&P9 -> 項鍊7攻速 致命 閃避 體力 防禦 減傷 靈長 BOSS 惡魔 不死 動物 致命傷 攻擊 吸血
A10: 8 | B10: ="項鍊"&A10&C2&C10&" "&D2&D10&" "&E2&E10&" "&F2&F10&" "&G2&G10&" "&H2&H10&" "&I2&I10&" "&J2&J10&" "&K2&K10&" "&L2&L10&" "&M2&M10&" "&N2&N10&" "&O2&O10&" "&P2&P10 -> 項鍊8攻速 致命 閃避 體力 防禦 減傷 靈長 BOSS 惡魔 不死 動物 致命傷 攻擊 吸血
A11: 9 | B11: ="項鍊"&A11&C2&C11&" "&D2&D11&" "&E2&E11&" "&F2&F11&" "&G2&G11&" "&H2&H11&" "&I2&I11&" "&J2&J11&" "&K2&K11&" "&L2&L11&" "&M2&M11&" "&N2&N11&" "&O2&O11&" "&P2&P11 -> 項鍊9攻速 致命 閃避 體力 防禦 減傷 靈長 BOSS 惡魔 不死 動物 致命傷 攻擊 吸血
A12: 10 | B12: ="項鍊"&A12&C2&C12&" "&D2&D12&" "&E2&E12&" "&F2&F12&" "&G2&G12&" "&H2&H12&" "&I2&I12&" "&J2&J12&" "&K2&K12&" "&L2&L12&" "&M2&M12&" "&N2&N12&" "&O2&O12&" "&P2&P12 -> 項鍊10攻速 致命 閃避 體力 防禦 減傷 靈長 BOSS 惡魔 不死 動物 致命傷 攻擊 吸血

Sheet 戒指
B2: 部位 | C2: 攻速 | D2: 致命 | E2: 閃避 | F2: 體力 | G2: 防禦 | H2: 減傷 | I2: 靈長 | J2: BOSS | K2: 惡魔 | L2: 不死 | M2: 動物 | N2: 致命傷 | O2: 攻擊 | P2: 吸血 | Q2: 废词
A3: 1 | B3: ="戒指"&A3&C2&C3&" "&D2&D3&" "&E2&E3&" "&F2&F3&" "&G2&G3&" "&H2&H3&" "&I2&I3&" "&J2&J3&" "&K2&K3&" "&L2&L3&" "&M2&M3&" "&N2&N3&" "&O2&O3&" "&P2&P3 -> 戒指1攻速 致命 閃避 體力 防禦 減傷 靈長40 BOSS 惡魔 不死 動物 致命傷40 攻擊26 吸血10 | I3: 40 | N3: 40 | O3: 26 | P3: 10
A4: 2 | B4: ="戒指"&A4&C2&C4&" "&D2&D4&" "&E2&E4&" "&F2&F4&" "&G2&G4&" "&H2&H4&" "&I2&I4&" "&J2&J4&" "&K2&K4&" "&L2&L4&" "&M2&M4&" "&N2&N4&" "&O2&O4&" "&P2&P4 -> 戒指2攻速 致命 閃避 體力 防禦 減傷 靈長 BOSS 惡魔 不死 動物 致命傷 攻擊 吸血
A5: 3 | B5: ="戒指"&A5&C2&C5&" "&D2&D5&" "&E2&E5&" "&F2&F5&" "&G2&G5&" "&H2&H5&" "&I2&I5&" "&J2&J5&" "&K2&K5&" "&L2&L5&" "&M2&M5&" "&N2&N5&" "&O2&O5&" "&P2&P5 -> 戒指3攻速 致命 閃避 體力 防禦 減傷 靈長 BOSS 惡魔 不死 動物 致命傷 攻擊 吸血
A6: 4 | B6: ="戒指"&A6&C2&C6&" "&D2&D6&" "&E2&E6&" "&F2&F6&" "&G2&G6&" "&H2&H6&" "&I2&I6&" "&J2&J6&" "&K2&K6&" "&L2&L6&" "&M2&M6&" "&N2&N6&" "&O2&O6&" "&P2&P6 -> 戒指4攻速 致命 閃避 體力 防禦 減傷 靈長 BOSS 惡魔 不死 動物 致命傷 攻擊 吸血
A7: 5 | B7: ="戒指"&A7&C2&C7&" "&D2&D7&" "&E2&E7&" "&F2&F7&" "&G2&G7&" "&H2&H7&" "&I2&I7&" "&J2&J7&" "&K2&K7&" "&L2&L7&" "&M2&M7&" "&N2&N7&" "&O2&O7&" "&P2&P7 -> 戒指5攻速 致命 閃避 體力 防禦 減傷 靈長 BOSS 惡魔 不死 動物 致命傷 攻擊 吸血
A8: 6 | B8: ="戒指"&A8&C2&C8&" "&D2&D8&" "&E2&E8&" "&F2&F8&" "&G2&G8&" "&H2&H8&" "&I2&I8&" "&J2&J8&" "&K2&K8&" "&L2&L8&" "&M2&M8&" "&N2&N8&" "&O2&O8&" "&P2&P8 -> 戒指6攻速 致命 閃避 體力 防禦 減傷 靈長 BOSS 惡魔 不死 動物 致命傷 攻擊 吸血
A9: 7 | B9: ="戒指"&A9&C2&C9&" "&D2&D9&" "&E2&E9&" "&F2&F9&" "&G2&G9&" "&H2&H9&" "&I2&I9&" "&J2&J9&" "&K2&K9&" "&L2&L9&" "&M2&M9&" "&N2&N9&" "&O2&O9&" "&P2&P9 -> 戒指7攻速 致命 閃避 體力 防禦 減傷 靈長 BOSS 惡魔 不死 動物 致命傷 攻擊 吸血
A10: 8 | B10: ="戒指"&A10&C2&C10&" "&D2&D10&" "&E2&E10&" "&F2&F10&" "&G2&G10&" "&H2&H10&" "&I2&I10&" "&J2&J10&" "&K2&K10&" "&L2&L10&" "&M2&M10&" "&N2&N10&" "&O2&O10&" "&P2&P10 -> 戒指8攻速 致命 閃避 體力 防禦 減傷 靈長 BOSS 惡魔 不死 動物 致命傷 攻擊 吸血
A11: 9 | B11: ="戒指"&A11&C2&C11&" "&D2&D11&" "&E2&E11&" "&F2&F11&" "&G2&G11&" "&H2&H11&" "&I2&I11&" "&J2&J11&" "&K2&K11&" "&L2&L11&" "&M2&M11&" "&N2&N11&" "&O2&O11&" "&P2&P11 -> 戒指9攻速 致命 閃避 體力 防禦 減傷 靈長 BOSS 惡魔 不死 動物 致命傷 攻擊 吸血
A12: 10 | B12: ="戒指"&A12&C2&C12&" "&D2&D12&" "&E2&E12&" "&F2&F12&" "&G2&G12&" "&H2&H12&" "&I2&I12&" "&J2&J12&" "&K2&K12&" "&L2&L12&" "&M2&M12&" "&N2&N12&" "&O2&O12&" "&P2&P12 -> 戒指10攻速 致命 閃避 體力 防禦 減傷 靈長 BOSS 惡魔 不死 動物 致命傷 攻擊 吸血

Sheet 攻速
A1: 攻速计算
A5: 武器 | B5: 英属 | C5: 称号 | D5: 装备 | E5: 秘法 | F5: 公会 | G5: 符文 | H5: 技能 | I5: 闪电 | J5: 坐骑饰品
A8: 2.0 | B8: 0.3 | C8: 快手-10% | E8: 0.1 | F8: 0.05 | G8: 0.01 | H8: 1 | I8: 1.0 | J8: 0.06
A12: 2.2 | B12: 0.2 | C12: 英态-7% | E12: 0.1 | G12: 0.02 | H12: 4 | I12: 1.1 | J12: 0.09
A16: 2.3 | B16: 0.1 | C16: 无-0% | E16: 0.1 | G16: 0.03 | I16: 1.2 | J16: 0.12
A20: 2.5 | B20: 0 | C20: 负面/-10% | E20: 0.1 | G20: 0.04 | I20: 1.3
E24: 0.1 | G24: 0.05 | I24: 1.4
E28: 0.1 | G28: 0.06 | I28: 1.5
B32: 英属 | C32: 称号 | D32: 装备 | E32: 秘法 | F32: 公会 | G32: 符文 | H32: 坐骑饰品
A35: 攻速 | B35: 0.3 | C35: 0 | D35: 0.32 | E35: 0.1 | F35: 0.05 | G35: 0.06 | H35: 0.06 | N35: 2.5
A36: 2.0 | B36: 2.2 | C36: 2.3 | D36: 2.5 | N36: 0.33
N37: 6
N38: 16
N39: 11
A40: =2-(2*(B35+C35+D35+E35+F35+G35+H35)) -> 0.22 | B40: =2.2-(2.2*(B35+C35+D35+E35+F35+G35+H35)) -> 0.242 | C40: =2.3-(2.3*(B35+C35+D35+E35+F35+G35+H35)) -> 0.253 | D40: =2.5-(2.5*(B35+C35+D35+E35+F35+G35+H35)) -> 0.275
A44: 狂暴 | B44: 1.0 | C44: 1.1 | D44: 1.2 | E44: 1.3 | F44: 1.4 | G44: 1.5
B48: =H12+I8-1 -> 4 | C48: =H12+I12-1 -> 4.1 | D48: =H12+I16-1 -> 4.2 | E48: =H12+I20-1 -> 4.3 | F48: =H12+I24-1 -> 4.4 | G48: =H12+I28-1 -> 4.5
A52: 普通 | B52: 1.0 | C52: 1.1 | D52: 1.2 | E52: 1.3 | F52: 1.4 | G52: 1.5
B56: =H8+I8-1 -> 1 | C56: =H8+I12-1 -> 1.1 | D56: =H8+I16-1 -> 1.2 | E56: =H8+I20-1 -> 1.3 | F56: =H8+I24-1 -> 1.4 | G56: =H8+I28-1 -> 1.5
A60: 总数 | C60: 1.0 | D60: 1.1 | E60: 1.2 | F60: 1.3 | G60: 1.4 | H60: 1.5
A64: 狂暴 | B64: 2.0 | C64: =A40/B48 -> 0.055 | D64: =A40/C48 -> 0.053658537 | E64: =A40/D48 -> 0.052380952 | F64: =A40/E48 -> 0.051162791 | G64: =A40/F48 -> 0.05 | H64: =A40/G48 -> 0.048888889
B68: 2.2 | C68: =B40/B48 -> 0.0605 | D68: =B40/C48 -> 0.05902439 | E68: =B40/D48 -> 0.057619048 | F68: =B40/E48 -> 0.05627907 | G68: =B40/F48 -> 0.055 | H68: =B40/G48 -> 0.053777778
B72: 2.3 | C72: =C40/B48 -> 0.06325 | D72: =C40/C48 -> 0.061707317 | E72: =C40/D48 -> 0.060238095 | F72: =C40/E48 -> 0.058837209 | G72: =C40/F48 -> 0.0575 | H72: =C40/G48 -> 0.056222222
B76: 2.5 | C76: =D40/B48 -> 0.06875 | D76: =D40/C48 -> 0.067073171 | E76: =D40/D48 -> 0.06547619 | F76: =D40/E48 -> 0.063953488 | G76: =D40/F48 -> 0.0625 | H76: =D40/G48 -> 0.061111111
A80: 普通 | C80: LV0 | D80: LV1 | E80: LV2 | F80: LV3 | G80: LV4 | H80: LV5
B84: 2.0 | C84: =A40/B56 -> 0.22 | D84: =A40/C56 -> 0.2 | E84: =A40/D56 -> 0.18333333 | F84: =A40/E56 -> 0.16923077 | G84: =A40/F56 -> 0.15714286 | H84: =A40/G56 -> 0.14666667
B88: 2.2 | C88: =B40/B56 -> 0.242 | D88: =B40/C56 -> 0.22 | E88: =B40/D56 -> 0.20166667 | F88: =B40/E56 -> 0.18615385 | G88: =B40/F56 -> 0.17285714 | H88: =B40/G56 -> 0.16133333
B92: 2.3 | C92: =C40/B56 -> 0.253 | D92: =C40/C56 -> 0.23 | E92: =C40/D56 -> 0.21083333 | F92: =C40/E56 -> 0.19461538 | G92: =C40/F56 -> 0.18071429 | H92: =C40/G56 -> 0.16866667
B96: 2.5 | C96: =D40/B56 -> 0.275 | D96: =D40/C56 -> 0.25 | E96: =D40/D56 -> 0.22916667 | F96: =D40/E56 -> 0.21153846 | G96: =D40/F56 -> 0.19642857 | H96: =D40/G56 -> 0.18333333

Sheet 记忆碎片
A1: 四轉記憶碎片需求表 | N1: 預計提升等級用量表 | R1: 等級 | S1: 倍數表
A2: 技能 | B2: Lv.1 | C2: Lv.2 | D2: Lv.3 | E2: Lv.4 | F2: Lv.5 | G2: Lv.6 | H2: Lv.7 | I2: Lv.8 | J2: Lv.9 | K2: Lv.10 | L2: total | N2: 技能 | O2: 等級 | P2: 需求量 | R2: Lv.1 | S2: 1
A3: 技能一 | B3: 10 | C3: =B3+10 -> 20 | D3: =C3+10 -> 30 | E3: =D3+10 -> 40 | F3: =E3+10 -> 50 | G3: =F3+10 -> 60 | H3: =G3+10 -> 70 | I3: =H3+10 -> 80 | J3: =I3+10 -> 90 | K3: =J3+10 -> 100 | L3: =SUM(B3:K3) -> 550 | N3: 技能一 | O3: Lv.10 | P3: =B3*VLOOKUP(O3,$R$1:$S$11,2,0) -> 550 | R3: Lv.2 | S3: 3
A4: 技能二 | B4: 10 | C4: =B4+10 -> 20 | D4: =C4+10 -> 30 | E4: =D4+10 -> 40 | F4: =E4+10 -> 50 | G4: =F4+10 -> 60 | H4: =G4+10 -> 70 | I4: =H4+10 -> 80 | J4: =I4+10 -> 90 | K4: =J4+10 -> 100 | L4: =SUM(B4:K4) -> 550 | N4: 技能二 | O4: Lv.10 | P4: =B4*VLOOKUP(O4,$R$1:$S$11,2,0) -> 550 | R4: Lv.3 | S4: 6
A5: 技能三 | B5: 20 | C5: =B5+20 -> 40 | D5: =C5+20 -> 60 | E5: =D5+20 -> 80 | F5: =E5+20 -> 100 | G5: =F5+20 -> 120 | H5: =G5+20 -> 140 | I5: =H5+20 -> 160 | J5: =I5+20 -> 180 | K5: =J5+20 -> 200 | L5: =SUM(B5:K5) -> 1100 | N5: 技能三 | O5: Lv.5 | P5: =B5*VLOOKUP(O5,$R$1:$S$11,2,0) -> 300 | R5: Lv.4 | S5: 10
A6: 技能四 | B6: 20 | C6: =B6+20 -> 40 | D6: =C6+20 -> 60 | E6: =D6+20 -> 80 | F6: =E6+20 -> 100 | G6: =F6+20 -> 120 | H6: =G6+20 -> 140 | I6: =H6+20 -> 160 | J6: =I6+20 -> 180 | K6: =J6+20 -> 200 | L6: =SUM(B6:K6) -> 1100 | N6: 技能四 | O6: Lv.5 | P6: =B6*VLOOKUP(O6,$R$1:$S$11,2,0) -> 300 | R6: Lv.5 | S6: 15
A7: 技能五 | B7: 30 | C7: =B7+30 -> 60 | D7: =C7+30 -> 90 | E7: =D7+30 -> 120 | F7: =E7+30 -> 150 | G7: =F7+30 -> 180 | H7: =G7+30 -> 210 | I7: =H7+30 -> 240 | J7: =I7+30 -> 270 | K7: =J7+30 -> 300 | L7: =SUM(B7:K7) -> 1650 | N7: 技能五 | O7: Lv.5 | P7: =B7*VLOOKUP(O7,$R$1:$S$11,2,0) -> 450 | R7: Lv.6 | S7: 21
A8: 技能六 | B8: 30 | C8: =B8+30 -> 60 | D8: =C8+30 -> 90 | E8: =D8+30 -> 120 | F8: =E8+30 -> 150 | G8: =F8+30 -> 180 | H8: =G8+30 -> 210 | I8: =H8+30 -> 240 | J8: =I8+30 -> 270 | K8: =J8+30 -> 300 | L8: =SUM(B8:K8) -> 1650 | N8: 技能六 | O8: Lv.5 | P8: =B8*VLOOKUP(O8,$R$1:$S$11,2,0) -> 450 | R8: Lv.7 | S8: 28
A9: 技能七 | B9: 50 | C9: =B9+50 -> 100 | D9: =C9+50 -> 150 | E9: =D9+50 -> 200 | F9: =E9+50 -> 250 | G9: =F9+50 -> 300 | H9: =G9+50 -> 350 | I9: =H9+50 -> 400 | J9: =I9+50 -> 450 | K9: =J9+50 -> 500 | L9: =SUM(B9:K9) -> 2750 | N9: 技能七 | O9: Lv.1 | P9: =B9*VLOOKUP(O9,$R$1:$S$11,2,0) -> 50 | R9: Lv.8 | S9: 36
E10: 全Lv5需要 | F10: =SUM(B3:F9) -> 2550 | K10: 四轉全滿技能需要 | L10: =SUM(L3:L9) -> 9350 | O10: Total | P10: =SUM(P3:P9) -> 2650 | R10: Lv.9 | S10: 45
R11: Lv.10 | S11: 55

Sheet 速鞋计算
A1: 速鞋数据 | M1: 速鞋计算
A2: %数 | B2: 0.07 | C2: 0.08 | D2: 0.09 | E2: 0.1 | M2: 种类 | N2: 移速
A3: 猎人 | B3: 30 | C3: 20 | D3: 10 | M3: %数 | N3: 0.1 | O3: <这里切换
A4: 建筑 | B4: 50 | M4: 猎人 | N4: 30 | O4: <这里切换
A5: 翅膀衣服 | B5: 60 | M5: 建筑 | N5: 50
A6: 印章 | B6: 20 | M6: 翅膀衣服 | N6: 60
A7: 坐骑 | B7: 30 | M7: 印章 | N7: 20
A8: 秘法 | B8: 15 | M8: 坐骑 | N8: 30
A9: 铁蹄 | B9: 45 | C9: 30 | D9: 15 | M9: 秘法 | N9: 15
A10: 符文 | B10: 12 | C10: 11 | D10: 10 | M10: 铁蹄 | N10: 45 | O10: <这里切换
A11: 跑鞋 | B11: 30 | C11: 32 | D11: 15 | E11: <自己换 | M11: 符文 | N11: 12 | O11: <这里切换
A12: 英雄心态 | B12: 7 | C12: 0 | M12: 英雄心态 | N12: 0 | O12: <这里切换
A13: 冰弓 | B13: 80 | M13: 跑鞋 | N13: 30 | O13: <这里切换
A14: 大恶魔 | B14: 200 | L14: 这里切换> | M14: 冰弓 | N14: =IFERROR(VLOOKUP(M14, A13:B15, 2, FALSE), "未找到") -> 80
A15: 无 | B15: 0 | M15: 总数 | N15: =SUM(N4:N14)*N3 -> 37.2
