Workbook

Sheet 闪闪发光的时装盒_A
A1: 名称 | B1: 概率（%） | C1: 说明 | D1: 没有的蓝色
A2: 守护者时装 | B2: 0.2 | C2: 为打败加百列的守护者而特别制作的战斗服。穿着这件衣服的猎人攻击力增加 4% , 移动速度增加2阶。 | D2: =IFERROR(VLOOKUP(A2,这里记录你有的时装!A:A,1,0),"无") -> 守护者时装
A3: 白金时装 | B3: 0.2 | C3: 用高纯度白金制作的铠甲。会发出闪亮的光芒。穿着这件衣服的猎人攻击力增加 valueFirst% , 移动速度增加2阶。 | D3: =IFERROR(VLOOKUP(A3,这里记录你有的时装!A:A,1,0),"无") -> 白金时装
A4: 饭盒背包时装 | B4: 0.5 | C4: 巨大的背包里充满着小吃. 佩戴的猎人饥饿消耗量减少10%. | D4: =IFERROR(VLOOKUP(A4,这里记录你有的时装!A:A,1,0),"无") -> 无
A5: 爱心气球时装 | B5: 0.5 | C5: 有传闻说村长只会送给善良的猎人. 佩戴的猎人心情消耗量减少10%. | D5: =IFERROR(VLOOKUP(A5,这里记录你有的时装!A:A,1,0),"无") -> 无
A6: 医院点滴时装 | B6: 0.5 | C6: 没有精神的时候, 没有比点滴更好的了! 佩戴中的猎人气息消耗量减少10%. | D6: =IFERROR(VLOOKUP(A6,这里记录你有的时装!A:A,1,0),"无") -> 无
A7: 力量之刃时装 | B7: 0.7 | C7: [狂战士专用] 能感受到凝结的力量。攻击力增加 6%。 | D7: =IFERROR(VLOOKUP(A7,这里记录你有的时装!A:A,1,0),"无") -> 无
A8: 牛仔时装 | B8: 0.7 | C8: 漂泊在西部的靓仔。 呀吼~！和声音一起出发吧！ 穿上这件衣服的猎人，体力增加 4%，移动速度上升2个阶段。 | D8: =IFERROR(VLOOKUP(A8,这里记录你有的时装!A:A,1,0),"无") -> 无
A9: 晚会时装 | B9: 0.7 | C9: 吸引目光的华丽亮点。前一天不能吃太多。 穿上这件衣服的猎人，防御力增加4%，移动速度上升2个阶段。 | D9: =IFERROR(VLOOKUP(A9,这里记录你有的时装!A:A,1,0),"无") -> 晚会时装
A10: 力量之锤时装 | B10: 0.7 | C10: [圣骑士专用] 能感受到凝结的力量。 攻击力增加 6%。 | D10: =IFERROR(VLOOKUP(A10,这里记录你有的时装!A:A,1,0),"无") -> 无
A11: 力量之弓时装 | B11: 0.7 | C11: [游侠专用] 能感受到凝结的力量。攻击力增加 6%。 | D11: =IFERROR(VLOOKUP(A11,这里记录你有的时装!A:A,1,0),"无") -> 无
A12: 力量领主时装 | B12: 0.7 | C12: [魔法师专用] 能感受到凝结的力量。攻击力增加 6%。 | D12: =IFERROR(VLOOKUP(A12,这里记录你有的时装!A:A,1,0),"无") -> 无
A13: 大恶魔的剑时装 | B13: 0.7 | C13: [狂战士专用] 大恶魔使用过的威胁性武器. 攻击力增加6%. | D13: =IFERROR(VLOOKUP(A13,这里记录你有的时装!A:A,1,0),"无") -> 无
... A51: 粉红校服时装 | B51: 2.7 | C51: 就像是回到了青春的学生时代。 穿上这件衣服的猎人，体力增加 4%，移动速度上升1个阶段。 | D51: =IFERROR(VLOOKUP(A51,这里记录你有的时装!A:A,1,0),"无") -> 无

Sheet 村长
A1: 装备名 | B1: 几率(%) | C1: 说明 | D1: 没有的蓝色
A2: 混沌的龙翅膀时装 | B2: 0.4 | C2: 穿上的猎人受到的伤害减少3%，移动速度上升1阶 | D2: =IFERROR(VLOOKUP(A2,这里记录你有的时装!A:A,1,0),"无") -> 无
A3: 霜翅膀时装 | B3: 0.4 | C3: 穿上的猎人受到的伤害减少3%，移动速度上升1阶 | D3: =IFERROR(VLOOKUP(A3,这里记录你有的时装!A:A,1,0),"无") -> 无
A4: 梦色翅膀时装 | B4: 0.4 | C4: 穿上的猎人受到的伤害减少3%，移动速度上升1阶 | D4: =IFERROR(VLOOKUP(A4,这里记录你有的时装!A:A,1,0),"无") -> 无
A5: 冬季贵族时装 | B5: 1 | C5: 穿上的猎人体力增加4%，移动速度上升2阶 | D5: =IFERROR(VLOOKUP(A5,这里记录你有的时装!A:A,1,0),"无") -> 无
A6: 蜜蜂时装 | B6: 1 | C6: 穿上的猎人体力增加4%，移动速度上升2阶 | D6: =IFERROR(VLOOKUP(A6,这里记录你有的时装!A:A,1,0),"无") -> 无
A7: 橙色睡衣时装 | B7: 2 | C7: 穿上的猎人体力增加4%，移动速度上升1阶 | D7: =IFERROR(VLOOKUP(A7,这里记录你有的时装!A:A,1,0),"无") -> 无
A8: 老式校服时装 | B8: 2 | C8: 穿上的猎人体力增加4%，移动速度上升1阶 | D8: =IFERROR(VLOOKUP(A8,这里记录你有的时装!A:A,1,0),"无") -> 无
A9: 可爱的剑时装 | B9: 1 | C9: 狂战士专用. 穿上的猎人攻击力增加6% | D9: =IFERROR(VLOOKUP(A9,这里记录你有的时装!A:A,1,0),"无") -> 无
A10: 可爱的锤时装 | B10: 1 | C10: 圣骑士专用.穿上的猎人攻击力增加6% | D10: =IFERROR(VLOOKUP(A10,这里记录你有的时装!A:A,1,0),"无") -> 无
A11: 可爱的弓时装 | B11: 1 | C11: 游侠专用. 穿上的猎人攻击力增加6% | D11: =IFERROR(VLOOKUP(A11,这里记录你有的时装!A:A,1,0),"无") -> 无
A12: 可爱魔法棍时装 | B12: 1 | C12: 魔法师专用. 穿上的猎人攻击力增加6% | D12: =IFERROR(VLOOKUP(A12,这里记录你有的时装!A:A,1,0),"无") -> 无
A13: 叉子武器时装 | B13: 2 | C13: 狂战士专用. 穿上的猎人攻击力增加3% | D13: =IFERROR(VLOOKUP(A13,这里记录你有的时装!A:A,1,0),"无") -> 无
... A39: 魔王城走廊钥匙 1个 | B39: 2.5 | C39: 可以强制打开通往四天王智齿守护著的魔王城走廊的次元门的魔法钥匙 | D39: =IFERROR(VLOOKUP(A39,这里记录你有的时装!A:A,1,0),"无") -> 无
A40: 38种 | B40: 100 | D40: =IFERROR(VLOOKUP(A40,这里记录你有的时装!A:A,1,0),"无") -> 无

Sheet 闪闪发光的时装盒B
A1: 名称 | B1: 概率 | C1: 说明 | D1: 没有的蓝色
A2: 蝴蝶翅膀时装 | B2: 0.2 | C2: 发出神奇的光的蝴蝶翅膀，佩戴的猎人受到伤害减少3%，移动速度增加1阶 | D2: =IFERROR(VLOOKUP(A2,这里记录你有的时装!A:A,1,0),"无") -> 无
A3: 魔鬼翅膀时装 | B3: 0.2 | C3: 颜色奇妙的乌鸦翅膀，佩戴的猎人受到伤害减少3%，移动速度增加1阶 | D3: =IFERROR(VLOOKUP(A3,这里记录你有的时装!A:A,1,0),"无") -> 无
A4: 精灵翅膀时装 | B4: 0.2 | C4: 琳珑剔透的精灵翅翼，佩戴的猎人受到伤害减少3%，移动速度增加1阶 | D4: =IFERROR(VLOOKUP(A4,这里记录你有的时装!A:A,1,0),"无") -> 无
A5: 光芒的翅膀 | B5: 0.2 | C5: 为了闪耀的人而制作的翅膀. 穿上此翅膀的猎人受到的伤害减少3%，移动速度上升1阶. | D5: =IFERROR(VLOOKUP(A5,这里记录你有的时装!A:A,1,0),"无") -> 无
A6: 北方之王时装 | B6: 0.7 | C6: 不怕冷。因为有皮毛啊。穿上这件衣服的猎人，攻击力增加 6%，移动速度上升2个阶段。 | D6: =IFERROR(VLOOKUP(A6,这里记录你有的时装!A:A,1,0),"无") -> 北方之王时装
A7: 猫女仆时装 | B7: 0.7 | C7: 成为端庄的猫管家和可爱的猫女仆吧! 穿着此时装的猎人体力增加4%，移动速度上升2阶段. | D7: =IFERROR(VLOOKUP(A7,这里记录你有的时装!A:A,1,0),"无") -> 猫女仆时装
A8: 僵尸时装 | B8: 0.7 | C8: 小心不要让符咒掉下来. 不然真的可能会变成僵尸. 穿着此时装的猎人体力增加4%，移动速度上升2个阶段. | D8: =IFERROR(VLOOKUP(A8,这里记录你有的时装!A:A,1,0),"无") -> 无
A9: 大天使的剑时装 | B9: 0.7 | C9: [狂战士专用] 大天使使用的传说中的武器，攻击力增加3% | D9: =IFERROR(VLOOKUP(A9,这里记录你有的时装!A:A,1,0),"无") -> 无
A10: 大天使的锤时装 | B10: 0.7 | C10: [圣骑士专用] 大天使使用的传说中的武器，攻击力增加3% | D10: =IFERROR(VLOOKUP(A10,这里记录你有的时装!A:A,1,0),"无") -> 无
A11: 大天使的弓时装 | B11: 0.7 | C11: [游侠专用] 大天使使用的传说中的武器，攻击力增加3% | D11: =IFERROR(VLOOKUP(A11,这里记录你有的时装!A:A,1,0),"无") -> 无
A12: 大天使的法杖时装 | B12: 0.7 | C12: [魔术师专用] 大天使使用的传说中的武器，攻击力增加3% | D12: =IFERROR(VLOOKUP(A12,这里记录你有的时装!A:A,1,0),"无") -> 无
A13: 青龙剑时装 | B13: 0.7 | C13: 狂战士专用] 蕴含青龙神圣气息的剑。攻击力增加 6%。 | D13: =IFERROR(VLOOKUP(A13,这里记录你有的时装!A:A,1,0),"无") -> 无
... A51: 圣诞猫时装 | B51: 2.74 | C51: 请装扮成圣诞猫咪吧。 相当可爱哦。穿著此时装时猎人体力增加 4%，移动速度上升1个阶段。 | D51: =IFERROR(VLOOKUP(A51,这里记录你有的时装!A:A,1,0),"无") -> 无

Sheet 紫色时装箱子
A1: 物品名称 | B1: 机率 | C1: 说明 | D1: 没有的蓝色
A2: 南瓜魔法师时装 | B2: 3 | C2: 只会变身南瓜魔法。 | D2: =IFERROR(VLOOKUP(A2,这里记录你有的时装!A:A,1,0),"无") -> 无
A3: 年末派对时装 | B3: 3 | C3: 本次年末派对的Dress Code是红色! | D3: =IFERROR(VLOOKUP(A3,这里记录你有的时装!A:A,1,0),"无") -> 无
A4: 圣诞妖精时装 | B4: 3 | C4: 辅助圣诞老人任务的妖精. 应该有好好拿到报酬吧? | D4: =IFERROR(VLOOKUP(A4,这里记录你有的时装!A:A,1,0),"无") -> 无
A5: 甜蜜糖果时装 | B5: 3 | C5: 好心情的甜蜜香气弥漫在村庄里。 | D5: =IFERROR(VLOOKUP(A5,这里记录你有的时装!A:A,1,0),"无") -> 无
A6: 夏日航海时装 | B6: 3 | C6: 在艳阳下向蔚蓝的大海出发! | D6: =IFERROR(VLOOKUP(A6,这里记录你有的时装!A:A,1,0),"无") -> 无
A7: 宇宙兔子时装 | B7: 3 | C7: 可爱的兔耳朵其实是高性能天线。穿着此时装时猎人体力增加 4% 和他的移动上升1个阶段。 | D7: =IFERROR(VLOOKUP(A7,这里记录你有的时装!A:A,1,0),"无") -> 无
A8: 黑魔女时装 | B8: 3 | C8: 据说穿上这件衣服的话可以骑着扫帚飞行。 穿着此时装时猎人体力增加4%，移动速度上升1阶段。 | D8: =IFERROR(VLOOKUP(A8,这里记录你有的时装!A:A,1,0),"无") -> 无
A9: 假期西装时装 | B9: 3 | C9: 爱美就不怕流鼻涕。穿上此时装时猎人体力增加4%，移动速度上升1个阶段。 | D9: =IFERROR(VLOOKUP(A9,这里记录你有的时装!A:A,1,0),"无") -> 无
A10: 猫女仆时装 | B10: 0.7 | C10: 成为端庄的猫管家和可爱的猫女仆吧! 穿着此时装的猎人体力增加4%，移动速度上升2阶段. | D10: =IFERROR(VLOOKUP(A10,这里记录你有的时装!A:A,1,0),"无") -> 猫女仆时装
A11: 僵尸时装 | B11: 0.7 | C11: 小心不要让符咒掉下来. 不然真的可能会变成僵尸. 穿着此时装的猎人体力增加4%，移动速度上升2个阶段. | D11: =IFERROR(VLOOKUP(A11,这里记录你有的时装!A:A,1,0),"无") -> 无
A12: 青蛙时装 | B12: 5.4 | C12: 这衣服很适合不听话的猎人. 穿着此时装的猎人体力增加4%，移动速度上升1个阶段. | D12: =IFERROR(VLOOKUP(A12,这里记录你有的时装!A:A,1,0),"无") -> 青蛙时装
A13: 王子与公主时装 | B13: 5.4 | C13: 成为一下从童话里出来的王子和公主吧. 穿着此时装的猎人体力增加4%，移动速度上升1个阶段. | D13: =IFERROR(VLOOKUP(A13,这里记录你有的时装!A:A,1,0),"无") -> 无
... A32: 发光的硬币 x10 | B32: 2 | C32: 可用于购买闪闪发光的时装盒. | D32: =IFERROR(VLOOKUP(A32,这里记录你有的时装!A:A,1,0),"无") -> 无

Sheet 老村长
A1: 名称 | B1: 概率（%） | C1: 说明 | D1: 没有的蓝色
A2: 蝴蝶翅膀时装 | B2: 0.2 | C2: 佩戴的猎人受到伤害减少3%，移动速度增加1阶 | D2: =IFERROR(VLOOKUP(A2,这里记录你有的时装!A:A,1,0),"无") -> 无
A3: 魔鬼翅膀时装 | B3: 0.2 | C3: 佩戴的猎人受到伤害减少3%，移动速度增加1阶 | D3: =IFERROR(VLOOKUP(A3,这里记录你有的时装!A:A,1,0),"无") -> 无
A4: 精灵翅膀时装 | B4: 0.2 | C4: 佩戴的猎人受到伤害减少3%，移动速度增加1阶 | D4: =IFERROR(VLOOKUP(A4,这里记录你有的时装!A:A,1,0),"无") -> 无
A5: 庭院舞会时装 | B5: 1 | C5: 防御力增加3%，移动速度增加1阶 | D5: =IFERROR(VLOOKUP(A5,这里记录你有的时装!A:A,1,0),"无") -> 庭院舞会时装
A6: 武术家时装 | B6: 1 | C6: 防御力增加3%，移动速度增加1阶 | D6: =IFERROR(VLOOKUP(A6,这里记录你有的时装!A:A,1,0),"无") -> 武术家时装
A7: 蛋糕时装 | B7: 1 | C7: 防御力增加3%，移动速度增加1阶 | D7: =IFERROR(VLOOKUP(A7,这里记录你有的时装!A:A,1,0),"无") -> 蛋糕时装
A8: 大天使的剑时装 | B8: 0.5 | C8: [狂战士专用] 攻击力增加3% | D8: =IFERROR(VLOOKUP(A8,这里记录你有的时装!A:A,1,0),"无") -> 无
A9: 大天使的锤时装 | B9: 0.5 | C9: [圣骑士专用] 攻击力增加3% | D9: =IFERROR(VLOOKUP(A9,这里记录你有的时装!A:A,1,0),"无") -> 无
A10: 大天使的弓时装 | B10: 0.5 | C10: [游侠专用] 攻击力增加3% | D10: =IFERROR(VLOOKUP(A10,这里记录你有的时装!A:A,1,0),"无") -> 无
A11: 大天使的法杖时装 | B11: 0.5 | C11: [魔术师专用] 攻击力增加3% | D11: =IFERROR(VLOOKUP(A11,这里记录你有的时装!A:A,1,0),"无") -> 无
A12: 胡萝卜武器时装 | B12: 1 | C12: [狂战士专用] 攻击力增加2% | D12: =IFERROR(VLOOKUP(A12,这里记录你有的时装!A:A,1,0),"无") -> 无
A13: 冰棍武器时装 | B13: 1 | C13: [圣骑士专用] 攻击力增加2% | D13: =IFERROR(VLOOKUP(A13,这里记录你有的时装!A:A,1,0),"无") -> 无
... A40: 特别的黑暗灵魂包 | B40: 1 | C40: 赋予一个猎人300000个黑暗灵魂 | D40: =IFERROR(VLOOKUP(A40,这里记录你有的时装!A:A,1,0),"无") -> 无

Sheet 这里记录你有的时装
A1: 时装名字
A2: 刺客时装 | B2: 前面往下依次输入已有时装
A3: 恶魔时装
A4: 黑猫时装
A5: 纳凉特辑时装
A6: 厨师时装
A7: 日本校服时装
A8: 海滩时装
A9: 粉红兔时装
A10: 花时装
A11: 北方之王时装
A12: 大天使的甲胄时装
A13: 白金时装
A14: 守护者时装
... A22: 晚会时装
